adj_p_value,p_value,gene_id,gene_symb,p_value_group,has_gene_symble
0.000728983,0.000728983,29304; 100911372,Rps6; LOC100911372,<0.001,TRUE
0.001090532,0.001090532,29754,Atp5mc1,0.001-0.01,TRUE
0.001103578,0.001103578,117553,Uba3,0.001-0.01,TRUE
0.001103578,0.001103578,25584,F3,0.001-0.01,TRUE
0.001103578,0.001103578,259225,Ppp1r14b,0.001-0.01,TRUE
0.001103578,0.001103578,116831,Fxyd3,0.001-0.01,TRUE
0.001103578,0.001103578,361628,Eif4g2,0.001-0.01,TRUE
0.001418177,0.001418177,79248,Abca2,0.001-0.01,TRUE
0.001418177,0.001418177,289752,Ewsr1,0.001-0.01,TRUE
0.001418177,0.001418177,78959,Akr1a1,0.001-0.01,TRUE
0.001435136,0.001435136,266732,Npc1,0.001-0.01,TRUE
0.001435136,0.001435136,310326,Arsl,0.001-0.01,TRUE
0.001435136,0.001435136,24667,Ppm1b,0.001-0.01,TRUE
0.001435136,0.001435136,304799,Ppp1r15b,0.001-0.01,TRUE
0.001435136,0.001435136,361618,Stim1,0.001-0.01,TRUE
0.001435136,0.001435136,81504,Grb2,0.001-0.01,TRUE
0.001955727,0.001955727,293722,B3gat3,0.001-0.01,TRUE
0.001955727,0.001955727,290669,Gatad2a,0.001-0.01,TRUE
0.001955727,0.001955727,288615,Sbds,0.001-0.01,TRUE
0.001979101,0.001979101,81530,Pdk2,0.001-0.01,TRUE
0.001979101,0.001979101,291987,Utp4,0.001-0.01,TRUE
0.001979101,0.001979101,89804,Tek,0.001-0.01,TRUE
0.001979101,0.001979101,363545,Naa60,0.001-0.01,TRUE
0.001979101,0.001979101,689997,Fam91a1,0.001-0.01,TRUE
0.001979101,0.001979101,252891,Sra1,0.001-0.01,TRUE
0.001979101,0.001979101,365668,Mtrex,0.001-0.01,TRUE
0.001979101,0.001979101,84026,Dnaja2,0.001-0.01,TRUE
0.001979101,0.001979101,300474,Adamts15,0.001-0.01,TRUE
0.001979101,0.001979101,303280,Bltp2,0.001-0.01,TRUE
0.001979101,0.001979101,25261,Id1,0.001-0.01,TRUE
0.001979101,0.001979101,363269,Sp100,0.001-0.01,TRUE
0.001979101,0.001979101,299827,Tbk1,0.001-0.01,TRUE
0.00295883,0.00295883,84598,Jak1,0.001-0.01,TRUE
0.00295883,0.00295883,25748,Alas2,0.001-0.01,TRUE
0.00295883,0.00295883,24377,G6pd,0.001-0.01,TRUE
0.00295883,0.00295883,83833,Smarcd2,0.001-0.01,TRUE
0.00295883,0.00295883,287766,Cep95,0.001-0.01,TRUE
0.00295883,0.00295883,361407,Cog4,0.001-0.01,TRUE
0.00295883,0.00295883,308443,B9d2,0.001-0.01,TRUE
0.00295883,0.00295883,113959,C5ar1,0.001-0.01,TRUE
0.00295883,0.00295883,297522,Sec13,0.001-0.01,TRUE
0.00295883,0.00295883,25022,Fgfr2,0.001-0.01,TRUE
0.00295883,0.00295883,293692,Ehd1,0.001-0.01,TRUE
0.00295883,0.00295883,24678,Pkib,0.001-0.01,TRUE
0.00295883,0.00295883,361390,Abce1,0.001-0.01,TRUE
0.00295883,0.00295883,293154,Folr2,0.001-0.01,TRUE
0.00295883,0.00295883,290627,Use1,0.001-0.01,TRUE
0.00295883,0.00295883,25625,Tnfrsf1a,0.001-0.01,TRUE
0.00295883,0.00295883,313647,Hp1bp3,0.001-0.01,TRUE
0.00295883,0.00295883,316034,Cnot10,0.001-0.01,TRUE
0.002994157,0.002994157,315088; 362936,Zfp707; Zfp707l1,0.001-0.01,TRUE
0.002994157,0.002994157,316102,Lztfl1,0.001-0.01,TRUE
0.002994157,0.002994157,295234,Lamtor2,0.001-0.01,TRUE
0.002994157,0.002994157,299201,Dlst,0.001-0.01,TRUE
0.002994157,0.002994157,312640,Emc3,0.001-0.01,TRUE
0.002994157,0.002994157,685620,Tomm7,0.001-0.01,TRUE
0.002994157,0.002994157,304474,Pitpnm2,0.001-0.01,TRUE
0.002994157,0.002994157,307505,Ctnna1,0.001-0.01,TRUE
0.002994157,0.002994157,64679,Tgm4,0.001-0.01,TRUE
0.002994157,0.002994157,24367,Fgg,0.001-0.01,TRUE
0.002994157,0.002994157,24232,C3,0.001-0.01,TRUE
0.002994157,0.002994157,170916,Lonp1,0.001-0.01,TRUE
0.002994157,0.002994157,361571,Aldh16a1,0.001-0.01,TRUE
0.002994157,0.002994157,292888,Ptov1,0.001-0.01,TRUE
0.002994157,0.002994157,64363,Araf,0.001-0.01,TRUE
0.002994157,0.002994157,500528,Ccdc17,0.001-0.01,TRUE
0.002994157,0.002994157,690254,Polr3gl,0.001-0.01,TRUE
0.002994157,0.002994157,117104,Ppp2r2a,0.001-0.01,TRUE
0.002994157,0.002994157,259274,Nmt1,0.001-0.01,TRUE
0.002994157,0.002994157,81652,Ctbs,0.001-0.01,TRUE
0.002994157,0.002994157,117513,Sec22a,0.001-0.01,TRUE
0.002994157,0.002994157,116483,Dars1,0.001-0.01,TRUE
0.002994157,0.002994157,56781,Myl1,0.001-0.01,TRUE
0.002994157,0.002994157,297123,Fkbp9,0.001-0.01,TRUE
0.002994157,0.002994157,297337,Rnf181,0.001-0.01,TRUE
0.002994157,0.002994157,681578,Rnf13,0.001-0.01,TRUE
0.002994157,0.002994157,29157,Ccng2,0.001-0.01,TRUE
0.002994157,0.002994157,313535,Eri3,0.001-0.01,TRUE
0.002994157,0.002994157,292894,Nosip,0.001-0.01,TRUE
0.002994157,0.002994157,24948,Fmr1,0.001-0.01,TRUE
0.002994157,0.002994157,298075,Ncbp1,0.001-0.01,TRUE
0.002994157,0.002994157,24206,Apeh,0.001-0.01,TRUE
0.002994157,0.002994157,681023,Qsox2,0.001-0.01,TRUE
0.002994157,0.002994157,293620,Ptdss2,0.001-0.01,TRUE
0.002994157,0.002994157,290317,Sox7,0.001-0.01,TRUE
0.005298412,0.005298412,140608,Atp5me,0.001-0.01,TRUE
0.005298412,0.005298412,679907,Pam16,0.001-0.01,TRUE
0.005298412,0.005298412,294258,Nelfe,0.001-0.01,TRUE
0.005298412,0.005298412,292810,Gpatch1,0.001-0.01,TRUE
0.005298412,0.005298412,100913063,Cd79a,0.001-0.01,TRUE
0.005298412,0.005298412,500117,Ccdc126,0.001-0.01,TRUE
0.005298412,0.005298412,294783,Wdr70,0.001-0.01,TRUE
0.005298412,0.005298412,680172,Mbd2,0.001-0.01,TRUE
0.005298412,0.005298412,498353,Scfd2,0.001-0.01,TRUE
0.005298412,0.005298412,298144,Kdm4c,0.001-0.01,TRUE
0.005298412,0.005298412,292898,Pih1d1,0.001-0.01,TRUE
0.005298412,0.005298412,24235,C4bpa,0.001-0.01,TRUE
0.005298412,0.005298412,29185,Cd37,0.001-0.01,TRUE
0.005298412,0.005298412,171086,Trak2,0.001-0.01,TRUE
0.005298412,0.005298412,246237,Plekha5,0.001-0.01,TRUE
0.005298412,0.005298412,360678,Arhgdia,0.001-0.01,TRUE
0.005298412,0.005298412,293701,Esrra,0.001-0.01,TRUE
0.005298412,0.005298412,291691,Brd8,0.001-0.01,TRUE
0.005298412,0.005298412,292022,Ddx19a,0.001-0.01,TRUE
0.005298412,0.005298412,314336,Ddx41,0.001-0.01,TRUE
0.005298412,0.005298412,289508,Rchy1,0.001-0.01,TRUE
0.005298412,0.005298412,680006,Mad1l1,0.001-0.01,TRUE
0.005298412,0.005298412,291946,Tmem184c,0.001-0.01,TRUE
0.005298412,0.005298412,296639,Ciz1,0.001-0.01,TRUE
0.005298412,0.005298412,307171,Apbb1ip,0.001-0.01,TRUE
0.005298412,0.005298412,315088; 362936,Zfp707; Zfp707l1,0.001-0.01,TRUE
0.005298412,0.005298412,292464,Katna1,0.001-0.01,TRUE
0.005298412,0.005298412,361308,Kif20a,0.001-0.01,TRUE
0.005298412,0.005298412,684322,Kcmf1,0.001-0.01,TRUE
0.005298412,0.005298412,362388,Mrpl53,0.001-0.01,TRUE
0.005298412,0.005298412,362274,Ddx27,0.001-0.01,TRUE
0.005298412,0.005298412,24673,Ppp2cb,0.001-0.01,TRUE
0.005298412,0.005298412,287368,Nt5m,0.001-0.01,TRUE
0.005298412,0.005298412,316051,Azi2,0.001-0.01,TRUE
0.005298412,0.005298412,361285,Mllt10,0.001-0.01,TRUE
0.005298412,0.005298412,690845,Rps4x-ps13,0.001-0.01,TRUE
0.005298412,0.005298412,312566,Adamts9,0.001-0.01,TRUE
0.005298412,0.005298412,362374,Vopp1,0.001-0.01,TRUE
0.005298412,0.005298412,116565,Lrpap1,0.001-0.01,TRUE
0.005298412,0.005298412,85332,Cavin3,0.001-0.01,TRUE
0.005298412,0.005298412,81830,Rab11a,0.001-0.01,TRUE
0.005298412,0.005298412,25703,Rbp4,0.001-0.01,TRUE
0.005298412,0.005298412,24246,Camk2d,0.001-0.01,TRUE
0.005298412,0.005298412,117282,Hnrnpk,0.001-0.01,TRUE
0.005298412,0.005298412,288683,Rita1,0.001-0.01,TRUE
0.005298412,0.005298412,498750; 100911664,C17h6orf62-ps1; C17h6orf62,0.001-0.01,TRUE
0.005298412,0.005298412,306203,Pxk,0.001-0.01,TRUE
0.005298412,0.005298412,60628,Cxcr4,0.001-0.01,TRUE
0.005298412,0.005298412,361630,Tead1,0.001-0.01,TRUE
0.005298412,0.005298412,308977,Il21r,0.001-0.01,TRUE
0.005298412,0.005298412,171073,Hdgfl2,0.001-0.01,TRUE
0.005298412,0.005298412,303088,Trim41,0.001-0.01,TRUE
0.005298412,0.005298412,289820,Actr2,0.001-0.01,TRUE
0.005361523,0.005361523,63938,Hibadh,0.001-0.01,TRUE
0.005361523,0.005361523,288259,Gart,0.001-0.01,TRUE
0.005361523,0.005361523,83571,Cdkn1b,0.001-0.01,TRUE
0.005361523,0.005361523,171444,Pacs1,0.001-0.01,TRUE
0.005361523,0.005361523,302981,Spsb3,0.001-0.01,TRUE
0.005361523,0.005361523,474146,Hcst,0.001-0.01,TRUE
0.005361523,0.005361523,366545,Atp6v1e2,0.001-0.01,TRUE
0.005361523,0.005361523,290850,Mrps31,0.001-0.01,TRUE
0.005361523,0.005361523,680945,Sdf2l1,0.001-0.01,TRUE
0.005361523,0.005361523,305506,Eif6,0.001-0.01,TRUE
0.005361523,0.005361523,293017,Bclaf1,0.001-0.01,TRUE
0.005361523,0.005361523,114846,Gsto1,0.001-0.01,TRUE
0.005361523,0.005361523,171566,Nme7,0.001-0.01,TRUE
0.005361523,0.005361523,294422,Smpdl3a,0.001-0.01,TRUE
0.005361523,0.005361523,60336,Arpp19,0.001-0.01,TRUE
0.005361523,0.005361523,294231,C20h6orf136,0.001-0.01,TRUE
0.005361523,0.005361523,498066,Sh3bgr,0.001-0.01,TRUE
0.005361523,0.005361523,59076,Grk6,0.001-0.01,TRUE
0.005361523,0.005361523,24451,Hmox1,0.001-0.01,TRUE
0.005361523,0.005361523,301265,Pla2g7,0.001-0.01,TRUE
0.005361523,0.005361523,360502,Fam234a,0.001-0.01,TRUE
0.005361523,0.005361523,64539,Ndufv3,0.001-0.01,TRUE
0.005361523,0.005361523,24161; 102549052,Acp1; LOC102549052,0.001-0.01,TRUE
0.005361523,0.005361523,293754,Mrpl16,0.001-0.01,TRUE
0.005361523,0.005361523,29628,Gria3,0.001-0.01,TRUE
0.005361523,0.005361523,155423,Anxa7,0.001-0.01,TRUE
0.005361523,0.005361523,500689,Ttc9,0.001-0.01,TRUE
0.005361523,0.005361523,367909,Tceal8,0.001-0.01,TRUE
0.005361523,0.005361523,116633,Akap8,0.001-0.01,TRUE
0.005361523,0.005361523,689588,Oaz3,0.001-0.01,TRUE
0.005361523,0.005361523,363146,Dalrd3,0.001-0.01,TRUE
0.005361523,0.005361523,360776,Lamtor4,0.001-0.01,TRUE
0.005361523,0.005361523,298596,Sdhb,0.001-0.01,TRUE
0.005361523,0.005361523,296583,Nacc2,0.001-0.01,TRUE
0.005361523,0.005361523,29688; 499084,Minpp1; Minpp1-ps1,0.001-0.01,TRUE
0.005361523,0.005361523,362974,Kiaa0930,0.001-0.01,TRUE
0.005361523,0.005361523,307924,Zfp276,0.001-0.01,TRUE
0.005361523,0.005361523,498486,Gnpnat1,0.001-0.01,TRUE
0.005361523,0.005361523,499280,Mapk1ip1,0.001-0.01,TRUE
0.005361523,0.005361523,94196,Rnf138,0.001-0.01,TRUE
0.005361523,0.005361523,79451,Fabp4,0.001-0.01,TRUE
0.005361523,0.005361523,362844,Brd4,0.001-0.01,TRUE
0.005361523,0.005361523,362281,Rae1,0.001-0.01,TRUE
0.005361523,0.005361523,266716,Zscan12,0.001-0.01,TRUE
0.005361523,0.005361523,24368,Fh,0.001-0.01,TRUE
0.005361523,0.005361523,313588; 100912429,Snip1; LOC100912429,0.001-0.01,TRUE
0.005361523,0.005361523,305549,Peli1,0.001-0.01,TRUE
0.005361523,0.005361523,619436,Med24,0.001-0.01,TRUE
0.005361523,0.005361523,362288,Rtel1,0.001-0.01,TRUE
0.005361523,0.005361523,314617,Wdr18,0.001-0.01,TRUE
0.005361523,0.005361523,362356,Cul1,0.001-0.01,TRUE
0.005361523,0.005361523,498225,Eif2d,0.001-0.01,TRUE
0.005361523,0.005361523,246115,Plpp2,0.001-0.01,TRUE
0.005361523,0.005361523,29757,Atp6v0a1,0.001-0.01,TRUE
0.005361523,0.005361523,309186,Fermt3,0.001-0.01,TRUE
0.005361523,0.005361523,29364,Cd47,0.001-0.01,TRUE
0.005361523,0.005361523,117019,Eif2b4,0.001-0.01,TRUE
0.005361523,0.005361523,499125; 100912030,Sdhaf1; LOC100912030,0.001-0.01,TRUE
0.005361523,0.005361523,89784,Idi1,0.001-0.01,TRUE
0.005361523,0.005361523,29580,Fdft1,0.001-0.01,TRUE
0.005361523,0.005361523,291206,Mrpl32,0.001-0.01,TRUE
0.005361523,0.005361523,305571,B3gnt2,0.001-0.01,TRUE
0.005361523,0.005361523,24679,Prkar2b,0.001-0.01,TRUE
0.005361523,0.005361523,266687,Slc35e4,0.001-0.01,TRUE
0.005361523,0.005361523,303547,Ezh1,0.001-0.01,TRUE
0.005361523,0.005361523,64198,Pmpcb,0.001-0.01,TRUE
0.005361523,0.005361523,499626,Erich6,0.001-0.01,TRUE
0.005361523,0.005361523,304291,Zdhhc4,0.001-0.01,TRUE
0.005361523,0.005361523,287523,Dph1,0.001-0.01,TRUE
0.005361523,0.005361523,362004,Gdap2,0.001-0.01,TRUE
0.005361523,0.005361523,366277,Polr3k,0.001-0.01,TRUE
0.005361523,0.005361523,686539,Islr,0.001-0.01,TRUE
0.005361523,0.005361523,299569,Akap8l,0.001-0.01,TRUE
0.005361523,0.005361523,292935,Htatip2,0.001-0.01,TRUE
0.005361523,0.005361523,499725,Rpf1,0.001-0.01,TRUE
0.005361523,0.005361523,309855,Fig4,0.001-0.01,TRUE
0.005361523,0.005361523,303353,Psmd11,0.001-0.01,TRUE
0.005361523,0.005361523,64028,Tsnax,0.001-0.01,TRUE
0.005361523,0.005361523,100360501,Rnh1,0.001-0.01,TRUE
0.005361523,0.005361523,361295,Ss18,0.001-0.01,TRUE
0.005361523,0.005361523,307643,Usb1,0.001-0.01,TRUE
0.005361523,0.005361523,314648,Ncln,0.001-0.01,TRUE
0.005361523,0.005361523,306600,Atp11a,0.001-0.01,TRUE
0.005361523,0.005361523,24172,Adh1c,0.001-0.01,TRUE
0.005361523,0.005361523,25419,Crp,0.001-0.01,TRUE
0.005361523,0.005361523,312083,Vps50,0.001-0.01,TRUE
0.005361523,0.005361523,316370,Poglut2,0.001-0.01,TRUE
0.005361523,0.005361523,24162,Acp2,0.001-0.01,TRUE
0.005361523,0.005361523,362502,Ubap1,0.001-0.01,TRUE
0.005361523,0.005361523,292770,Spint2,0.001-0.01,TRUE
0.005361523,0.005361523,290046,Hnrnpc,0.001-0.01,TRUE
0.005361523,0.005361523,192154,Hip1,0.001-0.01,TRUE
0.005361523,0.005361523,65028,Dnaja1,0.001-0.01,TRUE
0.005361523,0.005361523,317260,Zmym3,0.001-0.01,TRUE
0.005361523,0.005361523,289994,Cnih1,0.001-0.01,TRUE
0.005361523,0.005361523,291171,Trim27,0.001-0.01,TRUE
0.005361523,0.005361523,296467,Ythdf1,0.001-0.01,TRUE
0.005361523,0.005361523,60356,Csad,0.001-0.01,TRUE
0.005361523,0.005361523,292074,Trappc2l,0.001-0.01,TRUE
0.005361523,0.005361523,260326,Adgrg1,0.001-0.01,TRUE
0.005361523,0.005361523,689364,Chmp1b,0.001-0.01,TRUE
0.005361523,0.005361523,114709,Ifitm2,0.001-0.01,TRUE
0.005361523,0.005361523,291874,Nup93,0.001-0.01,TRUE
0.005361523,0.005361523,309447,Ldb1,0.001-0.01,TRUE
0.005361523,0.005361523,291202,Hax1,0.001-0.01,TRUE
0.005361523,0.005361523,83498,Hnrnpab,0.001-0.01,TRUE
0.005361523,0.005361523,266603,Aldh1a3,0.001-0.01,TRUE
0.005361523,0.005361523,295243,Krtcap2,0.001-0.01,TRUE
0.005361523,0.005361523,100912618; 296390; 679539,LOC100912618; Ube2v1; Ube2v1l1,0.001-0.01,TRUE
0.005361523,0.005361523,366515,Wrap73,0.001-0.01,TRUE
0.005361523,0.005361523,24225,Bdnf,0.001-0.01,TRUE
0.005361523,0.005361523,288414,Rfc3,0.001-0.01,TRUE
0.005361523,0.005361523,297554,Csgalnact2,0.001-0.01,TRUE
0.005361523,0.005361523,497941,Gps2,0.001-0.01,TRUE
0.005361523,0.005361523,499146,Spib,0.001-0.01,TRUE
0.005361523,0.005361523,311299,Aven,0.001-0.01,TRUE
0.005361523,0.005361523,290647,Lsm4,0.001-0.01,TRUE
0.005361523,0.005361523,29435,Ssr4,0.001-0.01,TRUE
0.005361523,0.005361523,311842,Zer1,0.001-0.01,TRUE
0.005361523,0.005361523,301529,Dnpep,0.001-0.01,TRUE
0.005361523,0.005361523,24787,Sod2,0.001-0.01,TRUE
0.005361523,0.005361523,361771,Zdhhc6,0.001-0.01,TRUE
0.005361523,0.005361523,291182,Stard3nl,0.001-0.01,TRUE
0.005361523,0.005361523,690163,Oxct1,0.001-0.01,TRUE
0.005361523,0.005361523,690660,Hint1,0.001-0.01,TRUE
0.005361523,0.005361523,100361814; 192264; 100361909; 497195; 474169; 100361866,Ear1l1; Rnase3; Ear1; Rnase17; Rnase2; LOC100361866,0.001-0.01,TRUE
0.005361523,0.005361523,304978,Copa,0.001-0.01,TRUE
0.005361523,0.005361523,295176; 102554341; 499657,S100vp; LOC102554341; S100a7l2,0.001-0.01,TRUE
0.005361523,0.005361523,311854,Tor1b,0.001-0.01,TRUE
0.005361523,0.005361523,295625,Pkp4,0.001-0.01,TRUE
0.005361523,0.005361523,298874,Pum2,0.001-0.01,TRUE
0.005361523,0.005361523,64387,Ccdc80,0.001-0.01,TRUE
0.005361523,0.005361523,312372,Kbtbd2,0.001-0.01,TRUE
0.005361523,0.005361523,689116; 100911481,Ncbp2; LOC100911481,0.001-0.01,TRUE
0.005361523,0.005361523,303346,Nsrp1,0.001-0.01,TRUE
0.005361523,0.005361523,171138,Kcne2,0.001-0.01,TRUE
0.005361523,0.005361523,691209,Slc12a6,0.001-0.01,TRUE
0.005361523,0.005361523,60323,Arhgef1,0.001-0.01,TRUE
0.005361523,0.005361523,306469,Cfap97,0.001-0.01,TRUE
0.014272636,0.014272636,684314,Glyctk,0.01-0.05,TRUE
0.014272636,0.014272636,85384,Sos2,0.01-0.05,TRUE
0.014272636,0.014272636,64152,Chp1,0.01-0.05,TRUE
0.014272636,0.014272636,29275,Actc1,0.01-0.05,TRUE
0.014272636,0.014272636,308990,C1h16orf54,0.01-0.05,TRUE
0.014272636,0.014272636,303740,Slc38a10,0.01-0.05,TRUE
0.014272636,0.014272636,25673,Anxa5,0.01-0.05,TRUE
0.014272636,0.014272636,553106,Ncald,0.01-0.05,TRUE
0.014272636,0.014272636,361654,Rusf1,0.01-0.05,TRUE
0.014272636,0.014272636,83800,Clta,0.01-0.05,TRUE
0.014272636,0.014272636,361818,Rsph1,0.01-0.05,TRUE
0.014272636,0.014272636,83526,Atrn,0.01-0.05,TRUE
0.014272636,0.014272636,54705,Pdp1,0.01-0.05,TRUE
0.014272636,0.014272636,360739,Ranbp1,0.01-0.05,TRUE
0.014272636,0.014272636,500991,Nxpe4,0.01-0.05,TRUE
0.014272636,0.014272636,311405,Tmem127,0.01-0.05,TRUE
0.014272636,0.014272636,64635,Snd1,0.01-0.05,TRUE
0.014272636,0.014272636,499749,Tprn,0.01-0.05,TRUE
0.014272636,0.014272636,289380,Nenf,0.01-0.05,TRUE
0.014272636,0.014272636,680466,Plpp5,0.01-0.05,TRUE
0.014272636,0.014272636,304496,Orai1,0.01-0.05,TRUE
0.014272636,0.014272636,298609,Efhd2,0.01-0.05,TRUE
0.014272636,0.014272636,313167,Nol6,0.01-0.05,TRUE
0.014272636,0.014272636,362860,Appl2,0.01-0.05,TRUE
0.014272636,0.014272636,361219,Fbxw17,0.01-0.05,TRUE
0.014272636,0.014272636,63847,Fxyd6,0.01-0.05,TRUE
0.014272636,0.014272636,361047,Ska3,0.01-0.05,TRUE
0.014272636,0.014272636,293489,Slx1b,0.01-0.05,TRUE
0.014272636,0.014272636,288041,Pigx,0.01-0.05,TRUE
0.014272636,0.014272636,360503,Luc7l,0.01-0.05,TRUE
0.014272636,0.014272636,81654,Dlat,0.01-0.05,TRUE
0.014272636,0.014272636,307410,Rbm22,0.01-0.05,TRUE
0.014272636,0.014272636,89783,Laptm5,0.01-0.05,TRUE
0.014272636,0.014272636,362453,Crebl2,0.01-0.05,TRUE
0.014272636,0.014272636,29743,Slc25a1,0.01-0.05,TRUE
0.014272636,0.014272636,84428,Dctn4,0.01-0.05,TRUE
0.014272636,0.014272636,362102,Ptpa,0.01-0.05,TRUE
0.014272636,0.014272636,301235,Bicral,0.01-0.05,TRUE
0.014272636,0.014272636,64666,Taok2,0.01-0.05,TRUE
0.014272636,0.014272636,100364990,Pdss1,0.01-0.05,TRUE
0.014272636,0.014272636,191569,Pde9a,0.01-0.05,TRUE
0.014272636,0.014272636,306357,Gmip,0.01-0.05,TRUE
0.014272636,0.014272636,260323,Snx27,0.01-0.05,TRUE
0.014272636,0.014272636,297508,Nampt,0.01-0.05,TRUE
0.014272636,0.014272636,25658,Gckr,0.01-0.05,TRUE
0.014272636,0.014272636,361816,Zfand3,0.01-0.05,TRUE
0.014272636,0.014272636,288516,Eif3b,0.01-0.05,TRUE
0.014272636,0.014272636,300994,Ifrd2,0.01-0.05,TRUE
0.014272636,0.014272636,315939,Pxylp1,0.01-0.05,TRUE
0.014272636,0.014272636,302711,Tbl1x,0.01-0.05,TRUE
0.014272636,0.014272636,171046,Tcf3,0.01-0.05,TRUE
0.014272636,0.014272636,361634,Ccp110,0.01-0.05,TRUE
0.014272636,0.014272636,25744,Nf2,0.01-0.05,TRUE
0.014272636,0.014272636,316131,Fem1a,0.01-0.05,TRUE
0.014272636,0.014272636,362012,Strip1,0.01-0.05,TRUE
0.014272636,0.014272636,362599,Trappc3,0.01-0.05,TRUE
0.014272636,0.014272636,288269,Cfap298,0.01-0.05,TRUE
0.014272636,0.014272636,300679,Mpzl2,0.01-0.05,TRUE
0.014272636,0.014272636,116996,Il16,0.01-0.05,TRUE
0.014272636,0.014272636,301128,Kdm4b,0.01-0.05,TRUE
0.014272636,0.014272636,301009,Nckipsd,0.01-0.05,TRUE
0.014272636,0.014272636,314432,Uba1,0.01-0.05,TRUE
0.014272636,0.014272636,246046,Lmbrd1,0.01-0.05,TRUE
0.014272636,0.014272636,29711,Bckdhb,0.01-0.05,TRUE
0.014272636,0.014272636,290028,Osgep,0.01-0.05,TRUE
0.014272636,0.014272636,310811,Palmd,0.01-0.05,TRUE
0.014272636,0.014272636,296635,Plpp7,0.01-0.05,TRUE
0.014272636,0.014272636,286990,Tox4,0.01-0.05,TRUE
0.014272636,0.014272636,313115,Ufl1,0.01-0.05,TRUE
0.014272636,0.014272636,29541,Nthl1,0.01-0.05,TRUE
0.014272636,0.014272636,360477,Glyr1,0.01-0.05,TRUE
0.014272636,0.014272636,291624,Lars1,0.01-0.05,TRUE
0.014272636,0.014272636,363465,Pir,0.01-0.05,TRUE
0.014272636,0.014272636,309010,Sec23ip,0.01-0.05,TRUE
0.014272636,0.014272636,295344,St7l,0.01-0.05,TRUE
0.014272636,0.014272636,360990,Usp34,0.01-0.05,TRUE
0.014272636,0.014272636,499328,Rfk,0.01-0.05,TRUE
0.014272636,0.014272636,192360,Eml2,0.01-0.05,TRUE
0.014272636,0.014272636,25538,Rps5,0.01-0.05,TRUE
0.014272636,0.014272636,298504,Mfsd2a,0.01-0.05,TRUE
0.014272636,0.014272636,304569,Ep400,0.01-0.05,TRUE
0.014272636,0.014272636,310843,Sec24d,0.01-0.05,TRUE
0.014272636,0.014272636,315272,Ano6,0.01-0.05,TRUE
0.014272636,0.014272636,102551208,Dynlt4,0.01-0.05,TRUE
0.014272636,0.014272636,362031,Alg14,0.01-0.05,TRUE
0.014272636,0.014272636,303090,Irgm,0.01-0.05,TRUE
0.014272636,0.014272636,246331,Nrp1,0.01-0.05,TRUE
0.014272636,0.014272636,171122,Rab29,0.01-0.05,TRUE
0.014272636,0.014272636,25282,Cox6a1,0.01-0.05,TRUE
0.014272636,0.014272636,366532,Dhx57,0.01-0.05,TRUE
0.014272636,0.014272636,287984,Psmd2,0.01-0.05,TRUE
0.014272636,0.014272636,117278,Ebp,0.01-0.05,TRUE
0.014272636,0.014272636,64363,Araf,0.01-0.05,TRUE
0.014272636,0.014272636,361458,Akap7,0.01-0.05,TRUE
0.014272636,0.014272636,293067,Zfand6,0.01-0.05,TRUE
0.014272636,0.014272636,360551,Bcl6b,0.01-0.05,TRUE
0.014272636,0.014272636,499636; 304807,RGD1563962; Rabif,0.01-0.05,TRUE
0.014272636,0.014272636,24699,Ptprc,0.01-0.05,TRUE
0.014272636,0.014272636,288092,Tmem39a,0.01-0.05,TRUE
0.014272636,0.014272636,498988; 29395; 498072; 498388,Hmgb2-ps6; Hmgb2; Hmgb2l1; Hmgb2l2,0.01-0.05,TRUE
0.014272636,0.014272636,117541,Smu1,0.01-0.05,TRUE
0.014272636,0.014272636,291635,Pcdhga7,0.01-0.05,TRUE
0.014272636,0.014272636,681062,Slbp,0.01-0.05,TRUE
0.014272636,0.014272636,100322884,Nemf,0.01-0.05,TRUE
0.014272636,0.014272636,690871,Ndufaf8,0.01-0.05,TRUE
0.014272636,0.014272636,287982,Abcf3,0.01-0.05,TRUE
0.014272636,0.014272636,304277,Cpsf4,0.01-0.05,TRUE
0.014272636,0.014272636,312638,Creld1,0.01-0.05,TRUE
0.014272636,0.014272636,25241,Aqp5,0.01-0.05,TRUE
0.014272636,0.014272636,362825,Hmg20b,0.01-0.05,TRUE
0.014272636,0.014272636,171356,Foxc2,0.01-0.05,TRUE
0.014272636,0.014272636,29613,Ntrk3,0.01-0.05,TRUE
0.014272636,0.014272636,170911,Pik3ca,0.01-0.05,TRUE
0.014272636,0.014272636,691947,Eif3j,0.01-0.05,TRUE
0.014272636,0.014272636,59108,Mb,0.01-0.05,TRUE
0.014272636,0.014272636,308266,Zc3h12d,0.01-0.05,TRUE
0.014272636,0.014272636,314553,Ptdss1,0.01-0.05,TRUE
0.014272636,0.014272636,59101,P3h4,0.01-0.05,TRUE
0.014272636,0.014272636,287475,Med31,0.01-0.05,TRUE
0.014272636,0.014272636,25620,Crem,0.01-0.05,TRUE
0.014272636,0.014272636,314622,Cbarp,0.01-0.05,TRUE
0.014272636,0.014272636,298381,Echdc2,0.01-0.05,TRUE
0.014272636,0.014272636,305624,Pcgf3,0.01-0.05,TRUE
0.014272636,0.014272636,100125361,Zfp867,0.01-0.05,TRUE
0.014272636,0.014272636,291813,Cmtm3,0.01-0.05,TRUE
0.014272636,0.014272636,360631,Mlx,0.01-0.05,TRUE
0.014272636,0.014272636,64390,Prpsap1,0.01-0.05,TRUE
0.014272636,0.014272636,303076,Surf6,0.01-0.05,TRUE
0.014272636,0.014272636,689688,Atg2a,0.01-0.05,TRUE
0.014272636,0.014272636,296588,Pmpca,0.01-0.05,TRUE
0.014272636,0.014272636,64360,Mrpl23,0.01-0.05,TRUE
0.014272636,0.014272636,25577,Ywhaq,0.01-0.05,TRUE
0.014272636,0.014272636,64124,Adgrl4,0.01-0.05,TRUE
0.014272636,0.014272636,58852,Nr1h3,0.01-0.05,TRUE
0.014272636,0.014272636,353227,Zbtb16,0.01-0.05,TRUE
0.014272636,0.014272636,292847,Ctu1,0.01-0.05,TRUE
0.014272636,0.014272636,140547; 100911186,Echs1; LOC100911186,0.01-0.05,TRUE
0.014272636,0.014272636,364878,Marchf3,0.01-0.05,TRUE
0.014272636,0.014272636,315327,Spryd3,0.01-0.05,TRUE
0.014272636,0.014272636,282827,Aip,0.01-0.05,TRUE
0.014272636,0.014272636,361527,Pld3,0.01-0.05,TRUE
0.014272636,0.014272636,259270,Zfp335,0.01-0.05,TRUE
0.014272636,0.014272636,293783,Lpxn,0.01-0.05,TRUE
0.014272636,0.014272636,114558,Becn1,0.01-0.05,TRUE
0.014272636,0.014272636,25097,Pld2,0.01-0.05,TRUE
0.014272636,0.014272636,25435,Eef2k,0.01-0.05,TRUE
0.014272636,0.014272636,311215,Ext2,0.01-0.05,TRUE
0.014272636,0.014272636,619385,Ncoa4,0.01-0.05,TRUE
0.014272636,0.014272636,679747,Tma7,0.01-0.05,TRUE
0.014272636,0.014272636,362169,Alkbh3,0.01-0.05,TRUE
0.014272636,0.014272636,432360,Sgce,0.01-0.05,TRUE
0.014272636,0.014272636,361068,Nudt18,0.01-0.05,TRUE
0.014272636,0.014272636,690516,Smurf1,0.01-0.05,TRUE
0.014272636,0.014272636,25165,Zfp386,0.01-0.05,TRUE
0.014272636,0.014272636,366854,Fbxo7,0.01-0.05,TRUE
0.014272636,0.014272636,288371,Mcoln1,0.01-0.05,TRUE
0.014272636,0.014272636,297336,Usp39,0.01-0.05,TRUE
0.014272636,0.014272636,24703,Raf1,0.01-0.05,TRUE
0.014272636,0.014272636,362247,Trpc4ap,0.01-0.05,TRUE
0.014272636,0.014272636,85432,Ddx52,0.01-0.05,TRUE
0.014272636,0.014272636,306129,Fbxl3,0.01-0.05,TRUE
0.014272636,0.014272636,293669; 100911932; 100911882,Cd248; LOC100911932; LOC100911882,0.01-0.05,TRUE
0.014272636,0.014272636,305353,Tlr6,0.01-0.05,TRUE
0.014272636,0.014272636,313772,Acap3,0.01-0.05,TRUE
0.014272636,0.014272636,293623,Rassf7,0.01-0.05,TRUE
0.014272636,0.014272636,313030,Ppp1r8,0.01-0.05,TRUE
0.014272636,0.014272636,58952,Cpq,0.01-0.05,TRUE
0.014272636,0.014272636,246310,Arfgap1,0.01-0.05,TRUE
0.014272636,0.014272636,245975,Setd4,0.01-0.05,TRUE
0.014272636,0.014272636,100188944,Pnkd,0.01-0.05,TRUE
0.014272636,0.014272636,688912,Mrps16,0.01-0.05,TRUE
0.014272636,0.014272636,363006,Tarbp2,0.01-0.05,TRUE
0.014272636,0.014272636,287738,Higd1b,0.01-0.05,TRUE
0.014272636,0.014272636,79563,Grpel1,0.01-0.05,TRUE
0.014272636,0.014272636,679462,Tspan15,0.01-0.05,TRUE
0.014272636,0.014272636,296474,Helz2,0.01-0.05,TRUE
0.014272636,0.014272636,29218,Rcn2,0.01-0.05,TRUE
0.014272636,0.014272636,363268,Fbxo36,0.01-0.05,TRUE
0.014272636,0.014272636,117274,Nr0b2,0.01-0.05,TRUE
0.014272636,0.014272636,311839,Slc27a4,0.01-0.05,TRUE
0.014272636,0.014272636,302915,Pmm2,0.01-0.05,TRUE
0.014272636,0.014272636,298757,Atl2,0.01-0.05,TRUE
0.014272636,0.014272636,314462,Trmt61a,0.01-0.05,TRUE
0.014272636,0.014272636,501069,Golga4,0.01-0.05,TRUE
0.014272636,0.014272636,309177,Znhit2,0.01-0.05,TRUE
0.014272636,0.014272636,89842,Mbtps1,0.01-0.05,TRUE
0.014272636,0.014272636,498538,Trim35,0.01-0.05,TRUE
0.014272636,0.014272636,314399,Ubr7,0.01-0.05,TRUE
0.014272636,0.014272636,497914,Med9,0.01-0.05,TRUE
0.014272636,0.014272636,362152,Hnrnpa3,0.01-0.05,TRUE
0.014272636,0.014272636,291440,Cxxc1,0.01-0.05,TRUE
0.01444109,0.01444109,25267,Pdgfra,0.01-0.05,TRUE
0.01444109,0.01444109,367767,Mageh1,0.01-0.05,TRUE
0.01444109,0.01444109,301081,Zdhhc3,0.01-0.05,TRUE
0.01444109,0.01444109,25498,Npm1,0.01-0.05,TRUE
0.01444109,0.01444109,287173,Bod1,0.01-0.05,TRUE
0.01444109,0.01444109,361925,Actl6a,0.01-0.05,TRUE
0.01444109,0.01444109,117272,Prpsap2,0.01-0.05,TRUE
0.01444109,0.01444109,294119,Moxd1,0.01-0.05,TRUE
0.01444109,0.01444109,294048,Pik3ap1,0.01-0.05,TRUE
0.01444109,0.01444109,29457,Map6,0.01-0.05,TRUE
0.01444109,0.01444109,24699,Ptprc,0.01-0.05,TRUE
0.01444109,0.01444109,353255,Nadsyn1,0.01-0.05,TRUE
0.01444109,0.01444109,291320,Mindy3,0.01-0.05,TRUE
0.01444109,0.01444109,361747,Spata6l,0.01-0.05,TRUE
0.01444109,0.01444109,292305,Sft2d1,0.01-0.05,TRUE
0.01444109,0.01444109,309678,Trappc10,0.01-0.05,TRUE
0.01444109,0.01444109,366189,Tgm3,0.01-0.05,TRUE
0.01444109,0.01444109,170925; 102554121,Slco6b1; LOC102554121,0.01-0.05,TRUE
0.01444109,0.01444109,363195,Gtpbp2,0.01-0.05,TRUE
0.01444109,0.01444109,65183,Aldh3a2,0.01-0.05,TRUE
0.01444109,0.01444109,691455,Calml4,0.01-0.05,TRUE
0.01444109,0.01444109,291076,Eci3,0.01-0.05,TRUE
0.01444109,0.01444109,287371,Drc3,0.01-0.05,TRUE
0.01444109,0.01444109,29421,Urod,0.01-0.05,TRUE
0.01444109,0.01444109,309628,Wdr46,0.01-0.05,TRUE
0.01444109,0.01444109,291927,Orc6,0.01-0.05,TRUE
0.01444109,0.01444109,29389,Tnni2,0.01-0.05,TRUE
0.01444109,0.01444109,294606,Arb2a,0.01-0.05,TRUE
0.01444109,0.01444109,50689,Mapk3,0.01-0.05,TRUE
0.01444109,0.01444109,366952,Cpsf1,0.01-0.05,TRUE
0.01444109,0.01444109,24246,Camk2d,0.01-0.05,TRUE
0.01444109,0.01444109,295052,Ccna1,0.01-0.05,TRUE
0.01444109,0.01444109,305494,Aebp1,0.01-0.05,TRUE
0.01444109,0.01444109,171145,Eif2b3,0.01-0.05,TRUE
0.01444109,0.01444109,24310,Ace,0.01-0.05,TRUE
0.01444109,0.01444109,83784,Agxt2,0.01-0.05,TRUE
0.01444109,0.01444109,303372,Nle1,0.01-0.05,TRUE
0.01444109,0.01444109,288707,Gltp,0.01-0.05,TRUE
0.01444109,0.01444109,366276,Prpf6,0.01-0.05,TRUE
0.01444109,0.01444109,360967,Rnf185,0.01-0.05,TRUE
0.01444109,0.01444109,363984,Ikbke,0.01-0.05,TRUE
0.01444109,0.01444109,307553,Nol4,0.01-0.05,TRUE
0.01444109,0.01444109,288256,Cryzl1,0.01-0.05,TRUE
0.01444109,0.01444109,25615,Sdc2,0.01-0.05,TRUE
0.01444109,0.01444109,315697,Imp3,0.01-0.05,TRUE
0.01444109,0.01444109,360747,Spag6l,0.01-0.05,TRUE
0.01444109,0.01444109,58820,Zfp148,0.01-0.05,TRUE
0.01444109,0.01444109,361941,C2h4orf33,0.01-0.05,TRUE
0.01444109,0.01444109,289468,Abraxas1,0.01-0.05,TRUE
0.01444109,0.01444109,360760,Pan3,0.01-0.05,TRUE
0.01444109,0.01444109,313563,Exo5,0.01-0.05,TRUE
0.01444109,0.01444109,361020,Rpp14,0.01-0.05,TRUE
0.01444109,0.01444109,361402,Prmt7,0.01-0.05,TRUE
0.01444109,0.01444109,25019,Xrcc6,0.01-0.05,TRUE
0.01444109,0.01444109,117855,Sf1,0.01-0.05,TRUE
0.01444109,0.01444109,81782,Soat1,0.01-0.05,TRUE
0.01444109,0.01444109,303226,Zfp18,0.01-0.05,TRUE
0.01444109,0.01444109,362557,Ndc1,0.01-0.05,TRUE
0.01444109,0.01444109,24684,Prlr,0.01-0.05,TRUE
0.01444109,0.01444109,113892,Nat8f3,0.01-0.05,TRUE
0.01444109,0.01444109,286924,Gnat3,0.01-0.05,TRUE
0.01444109,0.01444109,363676,Zpbp2,0.01-0.05,TRUE
0.01444109,0.01444109,140665,Rab3d,0.01-0.05,TRUE
0.01444109,0.01444109,287379,Shmt1,0.01-0.05,TRUE
0.01444109,0.01444109,362138,Rbms1,0.01-0.05,TRUE
0.01444109,0.01444109,685462,Emid1,0.01-0.05,TRUE
0.01444109,0.01444109,362011,Dram2,0.01-0.05,TRUE
0.01444109,0.01444109,290635,Mvb12a,0.01-0.05,TRUE
0.01444109,0.01444109,361073,Cog3,0.01-0.05,TRUE
0.01444109,0.01444109,300120,Fam118a,0.01-0.05,TRUE
0.01444109,0.01444109,364386,Rnf31,0.01-0.05,TRUE
0.01444109,0.01444109,287543,Tnfaip1,0.01-0.05,TRUE
0.01444109,0.01444109,295107,Smc4,0.01-0.05,TRUE
0.01444109,0.01444109,406166,Egfl8,0.01-0.05,TRUE
0.01444109,0.01444109,302495,Rap2c,0.01-0.05,TRUE
0.01444109,0.01444109,654441,Cox6b2,0.01-0.05,TRUE
0.01444109,0.01444109,315084,Gsdmd,0.01-0.05,TRUE
0.01444109,0.01444109,312694,Necap1,0.01-0.05,TRUE
0.01444109,0.01444109,79210,Fstl1,0.01-0.05,TRUE
0.01444109,0.01444109,313231,Alg2,0.01-0.05,TRUE
0.01444109,0.01444109,304204,Snapc2,0.01-0.05,TRUE
0.01444109,0.01444109,295293,Pear1,0.01-0.05,TRUE
0.01444109,0.01444109,306338,Abhd8,0.01-0.05,TRUE
0.01444109,0.01444109,29317,Csrp2,0.01-0.05,TRUE
0.01444109,0.01444109,304542,Coq5,0.01-0.05,TRUE
0.01444109,0.01444109,361410,Tmem231,0.01-0.05,TRUE
0.01444109,0.01444109,303753,Foxk2,0.01-0.05,TRUE
0.01444109,0.01444109,140734,Dynll2,0.01-0.05,TRUE
0.01444109,0.01444109,140673,Napa,0.01-0.05,TRUE
0.01444109,0.01444109,25573,Ube2i,0.01-0.05,TRUE
0.01444109,0.01444109,24443,Hdc,0.01-0.05,TRUE
0.01444109,0.01444109,365703,Zfr,0.01-0.05,TRUE
0.01444109,0.01444109,300384,Naalad2,0.01-0.05,TRUE
0.01444109,0.01444109,289809,Pno1,0.01-0.05,TRUE
0.01444109,0.01444109,500449,Sit1,0.01-0.05,TRUE
0.01444109,0.01444109,363249,Ctdsp1,0.01-0.05,TRUE
0.01444109,0.01444109,309373,Ubtd1,0.01-0.05,TRUE
0.01444109,0.01444109,300754,Bbs4,0.01-0.05,TRUE
0.01444109,0.01444109,364675,B4galt7,0.01-0.05,TRUE
0.01444109,0.01444109,360459,Bmerb1,0.01-0.05,TRUE
0.01444109,0.01444109,291974,Ripor1,0.01-0.05,TRUE
0.01444109,0.01444109,314836,Zfc3h1,0.01-0.05,TRUE
0.01444109,0.01444109,360637,Ccdc43,0.01-0.05,TRUE
0.01444109,0.01444109,361184,Cars2,0.01-0.05,TRUE
0.01444109,0.01444109,498003,Dusp3,0.01-0.05,TRUE
0.01444109,0.01444109,140670,Ap2b1,0.01-0.05,TRUE
0.01444109,0.01444109,304074,Morc3,0.01-0.05,TRUE
0.01444109,0.01444109,289785,Myo1g,0.01-0.05,TRUE
0.01444109,0.01444109,288525,Dhrsx,0.01-0.05,TRUE
0.01444109,0.01444109,309060,Fam53b,0.01-0.05,TRUE
0.01444109,0.01444109,113931,Prrx2,0.01-0.05,TRUE
0.01444109,0.01444109,24225,Bdnf,0.01-0.05,TRUE
0.01444109,0.01444109,312903,Tram1,0.01-0.05,TRUE
0.01444109,0.01444109,289668,Lap3,0.01-0.05,TRUE
0.01444109,0.01444109,171437,Dnttip1,0.01-0.05,TRUE
0.01444109,0.01444109,687633,Ube3b,0.01-0.05,TRUE
0.01444109,0.01444109,140669,Abcb6,0.01-0.05,TRUE
0.01444109,0.01444109,364398,Trim13,0.01-0.05,TRUE
0.01444109,0.01444109,171562,Ero1a,0.01-0.05,TRUE
0.01444109,0.01444109,25522,Prkcz,0.01-0.05,TRUE
0.01444109,0.01444109,309106,Sigirr,0.01-0.05,TRUE
0.01444109,0.01444109,114553,Ncf1,0.01-0.05,TRUE
0.01444109,0.01444109,287380,Dhrs7b,0.01-0.05,TRUE
0.01444109,0.01444109,300258,Myg1,0.01-0.05,TRUE
0.01444109,0.01444109,501736,Cd300a,0.01-0.05,TRUE
0.01444109,0.01444109,293671,Sf3b2,0.01-0.05,TRUE
0.01444109,0.01444109,308906,Trim5,0.01-0.05,TRUE
0.01444109,0.01444109,301513,Cnot9,0.01-0.05,TRUE
0.01444109,0.01444109,288077,Hcls1,0.01-0.05,TRUE
0.01444109,0.01444109,364975,Gcdh,0.01-0.05,TRUE
0.01444109,0.01444109,685284,Ift25,0.01-0.05,TRUE
0.01444109,0.01444109,291295,Rbm17,0.01-0.05,TRUE
0.01444109,0.01444109,366508,Pik3cd,0.01-0.05,TRUE
0.01444109,0.01444109,291975,Enkd1,0.01-0.05,TRUE
0.01444109,0.01444109,294030,Sfr1,0.01-0.05,TRUE
0.01444109,0.01444109,84578,Hdac3,0.01-0.05,TRUE
0.01444109,0.01444109,361884,Mccc2,0.01-0.05,TRUE
0.01444109,0.01444109,499990,Tmem243,0.01-0.05,TRUE
0.01444109,0.01444109,80900,Slco1a5,0.01-0.05,TRUE
0.01444109,0.01444109,316611,Agap1,0.01-0.05,TRUE
0.01444109,0.01444109,500972,Stt3a,0.01-0.05,TRUE
0.01444109,0.01444109,114108,Pdlim3,0.01-0.05,TRUE
0.01444109,0.01444109,311562,Necab3,0.01-0.05,TRUE
0.01444109,0.01444109,60341,Camkk1,0.01-0.05,TRUE
0.01444109,0.01444109,291844,Setd6,0.01-0.05,TRUE
0.01444109,0.01444109,83722,Plk2,0.01-0.05,TRUE
0.01444109,0.01444109,362899,Nipal2,0.01-0.05,TRUE
0.01444109,0.01444109,25506,P4hb,0.01-0.05,TRUE
0.01444109,0.01444109,288701,Srsf9,0.01-0.05,TRUE
0.01444109,0.01444109,291885,Mcm5,0.01-0.05,TRUE
0.01444109,0.01444109,84401,Puf60,0.01-0.05,TRUE
0.01444109,0.01444109,310674,Plekho1,0.01-0.05,TRUE
0.01444109,0.01444109,24677,Ppy,0.01-0.05,TRUE
0.01444109,0.01444109,301348,Zap70,0.01-0.05,TRUE
0.01444109,0.01444109,296301,Raly,0.01-0.05,TRUE
0.01444109,0.01444109,83791,Fdps,0.01-0.05,TRUE
0.01444109,0.01444109,362979,Panx2,0.01-0.05,TRUE
0.01444109,0.01444109,83788,Septin9,0.01-0.05,TRUE
0.01444109,0.01444109,499507,Fam151b,0.01-0.05,TRUE
0.01444109,0.01444109,81732,Actr3,0.01-0.05,TRUE
0.01444109,0.01444109,363067,Sin3a,0.01-0.05,TRUE
0.01444109,0.01444109,307403,Csf1r,0.01-0.05,TRUE
0.01444109,0.01444109,498100,Mb21d2,0.01-0.05,TRUE
0.01444109,0.01444109,361425,Emc8,0.01-0.05,TRUE
0.01444109,0.01444109,313618,Maco1,0.01-0.05,TRUE
0.01444109,0.01444109,305310,Slain2,0.01-0.05,TRUE
0.01444109,0.01444109,297077,Tmem176a,0.01-0.05,TRUE
0.01444109,0.01444109,79239,Hmox2,0.01-0.05,TRUE
0.01444109,0.01444109,24314,Nqo1,0.01-0.05,TRUE
0.01444109,0.01444109,361005,Chchd1,0.01-0.05,TRUE
0.01444109,0.01444109,303313,Scarf1,0.01-0.05,TRUE
0.01444109,0.01444109,306527,Dusp26,0.01-0.05,TRUE
0.01444109,0.01444109,361176,Upf3a,0.01-0.05,TRUE
0.01444109,0.01444109,361791,Nrm,0.01-0.05,TRUE
0.01444109,0.01444109,84426,Wnt4,0.01-0.05,TRUE
0.01444109,0.01444109,291571,Tcof1,0.01-0.05,TRUE
0.01444109,0.01444109,363483,Dmrtc1c1,0.01-0.05,TRUE
0.01444109,0.01444109,83513,Mmp24,0.01-0.05,TRUE
0.01444109,0.01444109,312824,Recql,0.01-0.05,TRUE
0.01444109,0.01444109,310781,Atxn7l2,0.01-0.05,TRUE
0.01444109,0.01444109,100125370,Nadk,0.01-0.05,TRUE
0.01444109,0.01444109,100911158; 100911122; 81520,LOC100911158; LOC100911122; Marcksl1,0.01-0.05,TRUE
0.01444109,0.01444109,287953,Trmt2a,0.01-0.05,TRUE
0.01444109,0.01444109,24653,Pla2g4a,0.01-0.05,TRUE
0.01444109,0.01444109,286908,Pdlim7,0.01-0.05,TRUE
0.01444109,0.01444109,54315,Ucp2,0.01-0.05,TRUE
0.01444109,0.01444109,50669,Prf1,0.01-0.05,TRUE
0.01444109,0.01444109,24697,Ptpn1,0.01-0.05,TRUE
0.01444109,0.01444109,290350,Loxl2,0.01-0.05,TRUE
0.01444109,0.01444109,24188,Aldh1a1,0.01-0.05,TRUE
0.01444109,0.01444109,300982,Abhd14a,0.01-0.05,TRUE
0.01444109,0.01444109,361102,Polr3a,0.01-0.05,TRUE
0.01444109,0.01444109,100363502; 25309,Cycs-ps9; Cycs,0.01-0.05,TRUE
0.01444109,0.01444109,680423,Aup1,0.01-0.05,TRUE
0.01444109,0.01444109,64040,Aldh9a1,0.01-0.05,TRUE
0.01444109,0.01444109,56764,Samd13,0.01-0.05,TRUE
0.01444109,0.01444109,361789,Atat1,0.01-0.05,TRUE
0.01444109,0.01444109,311847,Dolk,0.01-0.05,TRUE
0.01444109,0.01444109,303000,Capn15,0.01-0.05,TRUE
0.01444109,0.01444109,288521; 498157,Spnl1; Spnl2,0.01-0.05,TRUE
0.01444109,0.01444109,303830,Tbccd1,0.01-0.05,TRUE
0.01444109,0.01444109,85270,Tekt1,0.01-0.05,TRUE
0.01444109,0.01444109,292756,Pak4,0.01-0.05,TRUE
0.01444109,0.01444109,361956,Rsrc1,0.01-0.05,TRUE
0.01444109,0.01444109,29440,Slc26a4,0.01-0.05,TRUE
0.01444109,0.01444109,289603,Commd8,0.01-0.05,TRUE
0.01444109,0.01444109,308345,Kmt5c,0.01-0.05,TRUE
0.01444109,0.01444109,366988,Bin2,0.01-0.05,TRUE
0.01444109,0.01444109,362699,Yipf4,0.01-0.05,TRUE
0.01444109,0.01444109,313047,Yars1,0.01-0.05,TRUE
0.01444109,0.01444109,290652,Fkbp8,0.01-0.05,TRUE
0.01444109,0.01444109,100911589; 84485,LOC100911589; Ccs,0.01-0.05,TRUE
0.01444109,0.01444109,171441,Yif1a,0.01-0.05,TRUE
0.01444109,0.01444109,315329,Mfsd5,0.01-0.05,TRUE
0.01444109,0.01444109,363675,Stard3,0.01-0.05,TRUE
0.01444109,0.01444109,64300,Mthfd1,0.01-0.05,TRUE
0.01444109,0.01444109,305846,Slc39a2,0.01-0.05,TRUE
0.01444109,0.01444109,407765,St6galnac6,0.01-0.05,TRUE
0.01444109,0.01444109,681418,Ndufb10,0.01-0.05,TRUE
0.01444109,0.01444109,303604,Map3k3,0.01-0.05,TRUE
0.01444109,0.01444109,290519,Thoc3,0.01-0.05,TRUE
0.01444109,0.01444109,299907,Ext1,0.01-0.05,TRUE
0.01444109,0.01444109,301446,Carf,0.01-0.05,TRUE
0.01444109,0.01444109,361866,Hace1,0.01-0.05,TRUE
0.01444109,0.01444109,308335,U2af2,0.01-0.05,TRUE
0.01444109,0.01444109,306260,Capn7,0.01-0.05,TRUE
0.01444109,0.01444109,24241,Calca,0.01-0.05,TRUE
0.01444109,0.01444109,295428,Mettl14,0.01-0.05,TRUE
0.01444109,0.01444109,307210,Timm21,0.01-0.05,TRUE
0.01444109,0.01444109,25604,Pcmt1,0.01-0.05,TRUE
0.01444109,0.01444109,81024,Ica1,0.01-0.05,TRUE
0.01444109,0.01444109,315598,C1qtnf5,0.01-0.05,TRUE
0.01444109,0.01444109,683402,Ap3s2,0.01-0.05,TRUE
0.01444109,0.01444109,50558,Npepps,0.01-0.05,TRUE
0.01444109,0.01444109,305291,Srd5a3,0.01-0.05,TRUE
0.01444109,0.01444109,60374,Lmna,0.01-0.05,TRUE
0.01444109,0.01444109,360571,Rab34,0.01-0.05,TRUE
0.01444109,0.01444109,315997,Rbm6,0.01-0.05,TRUE
0.01444109,0.01444109,369016,Myadm,0.01-0.05,TRUE
0.01444109,0.01444109,282636,Impa2,0.01-0.05,TRUE
0.01444109,0.01444109,303792,Klhl22,0.01-0.05,TRUE
0.01444109,0.01444109,291905,Fto,0.01-0.05,TRUE
0.01444109,0.01444109,364380,Abhd4,0.01-0.05,TRUE
0.01444109,0.01444109,315159,Tob2,0.01-0.05,TRUE
0.01444109,0.01444109,308588,Car11,0.01-0.05,TRUE
0.01444109,0.01444109,654496,Fubp1,0.01-0.05,TRUE
0.01444109,0.01444109,298369,Osbpl9,0.01-0.05,TRUE
0.01444109,0.01444109,310553,Tlr2,0.01-0.05,TRUE
0.01444109,0.01444109,299156,Rab15,0.01-0.05,TRUE
0.01444109,0.01444109,29274,Rnf4,0.01-0.05,TRUE
0.01444109,0.01444109,310626,Tmem79,0.01-0.05,TRUE
0.01444109,0.01444109,360715,Boc,0.01-0.05,TRUE
0.01444109,0.01444109,310483,Mlf1,0.01-0.05,TRUE
0.01444109,0.01444109,297406,Cct7,0.01-0.05,TRUE
0.01444109,0.01444109,315509,Jam3,0.01-0.05,TRUE
0.01444109,0.01444109,305896,Irf9,0.01-0.05,TRUE
0.01444109,0.01444109,310377,C2h5orf34,0.01-0.05,TRUE
0.01444109,0.01444109,306771,Tspan17,0.01-0.05,TRUE
0.01444109,0.01444109,315059,Trappc9,0.01-0.05,TRUE
0.01444109,0.01444109,310960,Usp33,0.01-0.05,TRUE
0.01444109,0.01444109,292267,Armt1,0.01-0.05,TRUE
0.01444109,0.01444109,296346,Oser1,0.01-0.05,TRUE
0.01444109,0.01444109,498033,Tex19.1,0.01-0.05,TRUE
0.01444109,0.01444109,24896,Gnas,0.01-0.05,TRUE
0.01444109,0.01444109,24337,Erbb2,0.01-0.05,TRUE
0.01444109,0.01444109,317470,Egfl6,0.01-0.05,TRUE
0.01444109,0.01444109,79214,Galnt1,0.01-0.05,TRUE
0.01444109,0.01444109,684972,Fam25a,0.01-0.05,TRUE
0.01444109,0.01444109,309399,Abhd17b,0.01-0.05,TRUE
0.01444109,0.01444109,289809,Pno1,0.01-0.05,TRUE
0.01444109,0.01444109,292588,Ube2s,0.01-0.05,TRUE
0.01444109,0.01444109,360785,Ap1s1,0.01-0.05,TRUE
0.01444109,0.01444109,360555,Inca1,0.01-0.05,TRUE
0.01444109,0.01444109,290905,Col4a1,0.01-0.05,TRUE
0.01444109,0.01444109,360734,Dnajb11,0.01-0.05,TRUE
0.01444109,0.01444109,192256,Pja2,0.01-0.05,TRUE
0.01444109,0.01444109,313388,Dock7,0.01-0.05,TRUE
0.01444109,0.01444109,289342,Rps6kc1,0.01-0.05,TRUE
0.01444109,0.01444109,310672,Tars2,0.01-0.05,TRUE
0.01444109,0.01444109,81716,Ggcx,0.01-0.05,TRUE
0.01444109,0.01444109,298300,Ttc22,0.01-0.05,TRUE
0.01444109,0.01444109,26954,Rheb,0.01-0.05,TRUE
0.01444109,0.01444109,308796,Mesd,0.01-0.05,TRUE
0.01444109,0.01444109,294254; 24472,Hspa1b; Hspa1a,0.01-0.05,TRUE
0.01444109,0.01444109,100910414; 305021,LOC100910414; Sccpdh,0.01-0.05,TRUE
0.01444109,0.01444109,362251,Rbm39,0.01-0.05,TRUE
0.01444109,0.01444109,361282,Plxdc2,0.01-0.05,TRUE
0.01444109,0.01444109,25478,Man2a1,0.01-0.05,TRUE
0.01444109,0.01444109,311346,Lrrc57,0.01-0.05,TRUE
0.01444109,0.01444109,291694,Fam13b,0.01-0.05,TRUE
0.01444109,0.01444109,293054,Mrpl46,0.01-0.05,TRUE
0.01444109,0.01444109,292584,Fiz1,0.01-0.05,TRUE
0.01444109,0.01444109,24331,Cela1,0.01-0.05,TRUE
0.01444109,0.01444109,363291,Thap4,0.01-0.05,TRUE
0.01444109,0.01444109,619577,Rnf14,0.01-0.05,TRUE
0.01444109,0.01444109,361700,Kdm2a,0.01-0.05,TRUE
0.01444109,0.01444109,298700,Eif3g,0.01-0.05,TRUE
0.01444109,0.01444109,65185,Sult1c3,0.01-0.05,TRUE
0.01444109,0.01444109,686611,Sinhcaf,0.01-0.05,TRUE
0.01444109,0.01444109,360673,Tepsin,0.01-0.05,TRUE
0.01444109,0.01444109,293620,Ptdss2,0.01-0.05,TRUE
0.01444109,0.01444109,499265,C1h16orf92,0.01-0.05,TRUE
0.01444109,0.01444109,315121,Cdc42ep1,0.01-0.05,TRUE
0.01444109,0.01444109,65040,Dlgap1,0.01-0.05,TRUE
0.01444109,0.01444109,310661,Vps72,0.01-0.05,TRUE
0.01444109,0.01444109,501065,Cmtm7,0.01-0.05,TRUE
0.01444109,0.01444109,299607,Med16,0.01-0.05,TRUE
0.01444109,0.01444109,361183,Ankrd10,0.01-0.05,TRUE
0.01444109,0.01444109,100910264; 494207; 494206; 690097; 494209; 497796; 502907,LOC100910264; Ly49si2; Ly49si1; Ly49si4-ps1; Ly49si3; Klra17; Ly49si1l1,0.01-0.05,TRUE
0.01444109,0.01444109,317379,Magix,0.01-0.05,TRUE
0.01444109,0.01444109,311849,Crat,0.01-0.05,TRUE
0.01444109,0.01444109,305461,Fam53a,0.01-0.05,TRUE
0.01444109,0.01444109,362849,Marchf2,0.01-0.05,TRUE
0.01444109,0.01444109,304885,Fam20b,0.01-0.05,TRUE
0.01444109,0.01444109,297814,Car8,0.01-0.05,TRUE
0.01444109,0.01444109,362521,Tmem38b,0.01-0.05,TRUE
0.01444109,0.01444109,309139,Tpcn2,0.01-0.05,TRUE
0.01444109,0.01444109,293142,Spcs2,0.01-0.05,TRUE
0.01444109,0.01444109,686323,Trip6,0.01-0.05,TRUE
0.01444109,0.01444109,300726,Etfa,0.01-0.05,TRUE
0.01444109,0.01444109,252881,Exoc3,0.01-0.05,TRUE
0.01444109,0.01444109,361472,Mthfd1l,0.01-0.05,TRUE
0.01444109,0.01444109,252889,Tmed7,0.01-0.05,TRUE
0.01444109,0.01444109,363854,Elavl1,0.01-0.05,TRUE
0.01444109,0.01444109,79250,Aco2,0.01-0.05,TRUE
0.01444109,0.01444109,316640,Atg4b,0.01-0.05,TRUE
0.01444109,0.01444109,24877,Vsnl1,0.01-0.05,TRUE
0.01444109,0.01444109,117045,Eif4e,0.01-0.05,TRUE
0.01444109,0.01444109,362835,Reep6,0.01-0.05,TRUE
0.01444109,0.01444109,366602,Tspan13,0.01-0.05,TRUE
0.01444109,0.01444109,310877,Tifa,0.01-0.05,TRUE
0.01444109,0.01444109,308140,Tfb1m,0.01-0.05,TRUE
0.01444109,0.01444109,296136,Nphp1,0.01-0.05,TRUE
0.01444109,0.01444109,29597,P2ry2,0.01-0.05,TRUE
0.01444109,0.01444109,317612,Htatsf1,0.01-0.05,TRUE
0.01444109,0.01444109,360820,Pxn,0.01-0.05,TRUE
0.01444109,0.01444109,360548,Tnfsf12,0.01-0.05,TRUE
0.01444109,0.01444109,295669,Cybrd1,0.01-0.05,TRUE
0.01444109,0.01444109,314856,Mdm2,0.01-0.05,TRUE
0.01444109,0.01444109,84584,Ncoa3,0.01-0.05,TRUE
0.01444109,0.01444109,362490,Pip4p2,0.01-0.05,TRUE
0.01444109,0.01444109,308663,Tubgcp5,0.01-0.05,TRUE
0.01444109,0.01444109,64631,Ube2g1,0.01-0.05,TRUE
0.01444109,0.01444109,317218,Itm2a,0.01-0.05,TRUE
0.01444109,0.01444109,361046,Parp4,0.01-0.05,TRUE
0.01444109,0.01444109,84359,Dffb,0.01-0.05,TRUE
0.01444109,0.01444109,29670,Psma3,0.01-0.05,TRUE
0.01444109,0.01444109,297525,Mkrn2,0.01-0.05,TRUE
0.01444109,0.01444109,311642,Sulf2,0.01-0.05,TRUE
0.01444109,0.01444109,252961,Tank,0.01-0.05,TRUE
0.01444109,0.01444109,361071,Sucla2,0.01-0.05,TRUE
0.01444109,0.01444109,292188,Rnf217,0.01-0.05,TRUE
0.01444109,0.01444109,363150,Elp6,0.01-0.05,TRUE
0.01444109,0.01444109,363674,Stac2,0.01-0.05,TRUE
0.01444109,0.01444109,83508,Timeless,0.01-0.05,TRUE
0.01444109,0.01444109,296461,Osbpl2,0.01-0.05,TRUE
0.01444109,0.01444109,689959,C8h11orf52,0.01-0.05,TRUE
0.01444109,0.01444109,29735,Slc16a7,0.01-0.05,TRUE
0.01444109,0.01444109,29427,Aif1,0.01-0.05,TRUE
0.01444109,0.01444109,304951,Nuf2,0.01-0.05,TRUE
0.01444109,0.01444109,300880,Cep162,0.01-0.05,TRUE
0.01444109,0.01444109,305083,Zfp281,0.01-0.05,TRUE
0.01444109,0.01444109,498420; 316820,Etaa1; Etaa1-ps1,0.01-0.05,TRUE
0.01444109,0.01444109,266631,Rbm45,0.01-0.05,TRUE
0.01444109,0.01444109,64460,Pex14,0.01-0.05,TRUE
0.01444109,0.01444109,29705,Gabra1,0.01-0.05,TRUE
0.01444109,0.01444109,303245,Senp3,0.01-0.05,TRUE
0.01444109,0.01444109,100529260,Ankhd1,0.01-0.05,TRUE
0.01444109,0.01444109,29390,Ptpmt1,0.01-0.05,TRUE
0.01444109,0.01444109,116722,Psmd10,0.01-0.05,TRUE
0.01444109,0.01444109,100911356; 289233; 102548286,LOC100911356; Pex19; LOC102548286,0.01-0.05,TRUE
0.01444109,0.01444109,299145,Rhoj,0.01-0.05,TRUE
0.01444109,0.01444109,311218,Accs,0.01-0.05,TRUE
0.01444109,0.01444109,308944,Dennd2b,0.01-0.05,TRUE
0.01444109,0.01444109,25035,Cyb5r3,0.01-0.05,TRUE
0.01444109,0.01444109,310552,Sfrp2,0.01-0.05,TRUE
0.01444109,0.01444109,24309,Dbp,0.01-0.05,TRUE
0.01444109,0.01444109,311902,Rbm18,0.01-0.05,TRUE
0.01444109,0.01444109,309456,Wbp1l,0.01-0.05,TRUE
0.01444109,0.01444109,307133,Hspa14,0.01-0.05,TRUE
0.01444109,0.01444109,619393,Dnajc12,0.01-0.05,TRUE
0.01444109,0.01444109,681315,Tmem230,0.01-0.05,TRUE
0.01444109,0.01444109,288616,Tmem248,0.01-0.05,TRUE
0.01444109,0.01444109,690820,Klf16,0.01-0.05,TRUE
0.01444109,0.01444109,362738,Snx6,0.01-0.05,TRUE
0.01444109,0.01444109,498606,Kxd1,0.01-0.05,TRUE
0.01444109,0.01444109,84497,Dgat1,0.01-0.05,TRUE
0.01444109,0.01444109,80338,Zbtb10,0.01-0.05,TRUE
0.01444109,0.01444109,313969,Lratd1,0.01-0.05,TRUE
0.01444109,0.01444109,298541,Dhdds,0.01-0.05,TRUE
0.01444109,0.01444109,314442,Wars1,0.01-0.05,TRUE
0.01444109,0.01444109,300786,Clpx,0.01-0.05,TRUE
0.01444109,0.01444109,366962,Grap2,0.01-0.05,TRUE
0.01444109,0.01444109,310244,Zc2hc1a,0.01-0.05,TRUE
0.01444109,0.01444109,303238,Ctc1,0.01-0.05,TRUE
0.01444109,0.01444109,313166,Nfx1,0.01-0.05,TRUE
0.01444109,0.01444109,498886,C18h18orf32,0.01-0.05,TRUE
0.01444109,0.01444109,308434,Zfp574,0.01-0.05,TRUE
0.01444109,0.01444109,300837,Leo1,0.01-0.05,TRUE
0.01444109,0.01444109,316626,Hes6,0.01-0.05,TRUE
0.01444109,0.01444109,360518,Gfpt2,0.01-0.05,TRUE
0.01444109,0.01444109,300955,Nck1,0.01-0.05,TRUE
0.01444109,0.01444109,299246,Ttc8,0.01-0.05,TRUE
0.01444109,0.01444109,365390,Tspan32,0.01-0.05,TRUE
0.01444109,0.01444109,363160,Stt3b,0.01-0.05,TRUE
0.01444109,0.01444109,79434,Rab11b,0.01-0.05,TRUE
0.01444109,0.01444109,296118,Fam227b,0.01-0.05,TRUE
0.01444109,0.01444109,140938,Psmc3ip,0.01-0.05,TRUE
0.01444109,0.01444109,291135,Acot13,0.01-0.05,TRUE
0.01444109,0.01444109,113929,Nup88,0.01-0.05,TRUE
0.01444109,0.01444109,298095,Prpf4,0.01-0.05,TRUE
0.01444109,0.01444109,117259,Tra2b,0.01-0.05,TRUE
0.01444109,0.01444109,295338,Ptpn22,0.01-0.05,TRUE
0.01444109,0.01444109,298584,Capzb,0.01-0.05,TRUE
0.01444109,0.01444109,292886,Tbc1d17,0.01-0.05,TRUE
0.01444109,0.01444109,360969,Castor1,0.01-0.05,TRUE
0.01444109,0.01444109,689030,Tbpl1,0.01-0.05,TRUE
0.01444109,0.01444109,361677,Tollip,0.01-0.05,TRUE
0.01444109,0.01444109,309565,Med23,0.01-0.05,TRUE
0.01444109,0.01444109,29367,Chkb,0.01-0.05,TRUE
0.01444109,0.01444109,245960,Alg10,0.01-0.05,TRUE
0.01444109,0.01444109,29584,Gjb1,0.01-0.05,TRUE
0.01444109,0.01444109,499185,Mrps11,0.01-0.05,TRUE
0.01444109,0.01444109,310375,Zfp131,0.01-0.05,TRUE
0.01444109,0.01444109,29674,Psma7,0.01-0.05,TRUE
0.01444109,0.01444109,102554232; 362483,LOC102554232; Cfap418,0.01-0.05,TRUE
0.01444109,0.01444109,246299,Gtf3a,0.01-0.05,TRUE
0.01444109,0.01444109,288176,Cmss1,0.01-0.05,TRUE
0.01444109,0.01444109,29668,Psma1,0.01-0.05,TRUE
0.01444109,0.01444109,300447,Ecsit,0.01-0.05,TRUE
0.01444109,0.01444109,245955,Lgals3bp,0.01-0.05,TRUE
0.01444109,0.01444109,498709,Cks2,0.01-0.05,TRUE
0.01444109,0.01444109,290029,Pnp,0.01-0.05,TRUE
0.01444109,0.01444109,360818,Fbxo21,0.01-0.05,TRUE
0.01444109,0.01444109,117106,Scarb2,0.01-0.05,TRUE
0.01444109,0.01444109,300191,Slc48a1,0.01-0.05,TRUE
0.01444109,0.01444109,25248,Cnr1,0.01-0.05,TRUE
0.01444109,0.01444109,296360,Pigt,0.01-0.05,TRUE
0.01444109,0.01444109,171085,Pcsk4,0.01-0.05,TRUE
0.01444109,0.01444109,307810,Esrp2,0.01-0.05,TRUE
0.01444109,0.01444109,65274,Nup62,0.01-0.05,TRUE
0.01444109,0.01444109,362252,Scand1,0.01-0.05,TRUE
0.01444109,0.01444109,362375,Lancl2,0.01-0.05,TRUE
0.01444109,0.01444109,94189,Gosr1,0.01-0.05,TRUE
0.01444109,0.01444109,282634,Pxmp4,0.01-0.05,TRUE
0.01444109,0.01444109,303100,Mgat4b,0.01-0.05,TRUE
0.01444109,0.01444109,305853,Rab2b,0.01-0.05,TRUE
0.01444109,0.01444109,100362554,Otulin,0.01-0.05,TRUE
0.01444109,0.01444109,312936,Sox17,0.01-0.05,TRUE
0.01444109,0.01444109,94202,Ptprr,0.01-0.05,TRUE
0.01444109,0.01444109,293691,Snx15,0.01-0.05,TRUE
0.01444109,0.01444109,362902,Dcaf13,0.01-0.05,TRUE
0.01444109,0.01444109,299783,Glipr1,0.01-0.05,TRUE
0.01444109,0.01444109,361712,Syvn1,0.01-0.05,TRUE
0.01444109,0.01444109,314443,Wdr25,0.01-0.05,TRUE
0.01444109,0.01444109,299810,Yeats4,0.01-0.05,TRUE
0.01444109,0.01444109,288593,Ccl24,0.01-0.05,TRUE
0.01444109,0.01444109,301121,Rfx2,0.01-0.05,TRUE
0.01444109,0.01444109,361365,Polr2c,0.01-0.05,TRUE
0.01444109,0.01444109,140945,Rtn3,0.01-0.05,TRUE
0.01444109,0.01444109,311569,Acss2,0.01-0.05,TRUE
0.01444109,0.01444109,362600,Adprs,0.01-0.05,TRUE
0.01444109,0.01444109,252857,Rapgef4,0.01-0.05,TRUE
0.01444109,0.01444109,311111,Nostrin,0.01-0.05,TRUE
0.01444109,0.01444109,360600,Spag9,0.01-0.05,TRUE
0.01444109,0.01444109,314718,Actr6,0.01-0.05,TRUE
0.01444109,0.01444109,300724,Fbxo22,0.01-0.05,TRUE
0.01444109,0.01444109,499677,Lix1l,0.01-0.05,TRUE
0.01444109,0.01444109,302290,Ap3s1,0.01-0.05,TRUE
0.01444109,0.01444109,314641,Pip5k1c,0.01-0.05,TRUE
0.01444109,0.01444109,117526,Tbp,0.01-0.05,TRUE
0.01444109,0.01444109,300032,Zc3h3,0.01-0.05,TRUE
0.01444109,0.01444109,50558,Npepps,0.01-0.05,TRUE
0.01444109,0.01444109,292777; 100911774,Tbcb; LOC100911774,0.01-0.05,TRUE
0.01444109,0.01444109,685579,Rrm1,0.01-0.05,TRUE
0.01444109,0.01444109,362162,Arfgap2,0.01-0.05,TRUE
0.01444109,0.01444109,685425,Odf2l,0.01-0.05,TRUE
0.01444109,0.01444109,170911,Pik3ca,0.01-0.05,TRUE
0.01444109,0.01444109,294973,Acad9,0.01-0.05,TRUE
0.01444109,0.01444109,683667,Sri,0.01-0.05,TRUE
0.01444109,0.01444109,100362458,Gigyf2,0.01-0.05,TRUE
0.01444109,0.01444109,308518,Nudt19,0.01-0.05,TRUE
0.01444109,0.01444109,361309,Paip2,0.01-0.05,TRUE
0.01444109,0.01444109,291983,Psmb10,0.01-0.05,TRUE
0.01444109,0.01444109,691307,Lrrc39,0.01-0.05,TRUE
0.01444109,0.01444109,360983,Lgalsl,0.01-0.05,TRUE
0.01444109,0.01444109,313053,Ythdf2,0.01-0.05,TRUE
0.01444109,0.01444109,29393,Col1a1,0.01-0.05,TRUE
0.01444109,0.01444109,171305,Clk3,0.01-0.05,TRUE
0.01444109,0.01444109,246060,Cdkn1c,0.01-0.05,TRUE
0.01444109,0.01444109,313430,Fam151a,0.01-0.05,TRUE
0.01444109,0.01444109,252929,Ctsz,0.01-0.05,TRUE
0.01444109,0.01444109,117264,P2ry6,0.01-0.05,TRUE
0.01444109,0.01444109,303101,Maml1,0.01-0.05,TRUE
0.01444109,0.01444109,360703,Vps26c,0.01-0.05,TRUE
0.01444109,0.01444109,29542,Pebp1,0.01-0.05,TRUE
0.01444109,0.01444109,83681,Cish,0.01-0.05,TRUE
0.01444109,0.01444109,288533,Taf6,0.01-0.05,TRUE
0.01444109,0.01444109,100362554,Otulin,0.01-0.05,TRUE
0.01444109,0.01444109,85490,Col5a1,0.01-0.05,TRUE
0.01444109,0.01444109,60661,Max,0.01-0.05,TRUE
0.01444109,0.01444109,360975,Ogdh,0.01-0.05,TRUE
0.01444109,0.01444109,295235,Ssr2,0.01-0.05,TRUE
0.01444109,0.01444109,307390,Fbxo38,0.01-0.05,TRUE
0.01444109,0.01444109,25194,Gnrh1,0.01-0.05,TRUE
0.01444109,0.01444109,299050,Prorp,0.01-0.05,TRUE
0.01444109,0.01444109,25122,Scnn1a,0.01-0.05,TRUE
0.01444109,0.01444109,314788,Rlig1,0.01-0.05,TRUE
0.01444109,0.01444109,316123,Gtf2f1,0.01-0.05,TRUE
0.01444109,0.01444109,365703,Zfr,0.01-0.05,TRUE
0.01444109,0.01444109,362998,Dnajc22,0.01-0.05,TRUE
0.01444109,0.01444109,64702,Trim17,0.01-0.05,TRUE
0.01444109,0.01444109,313038,Phc2,0.01-0.05,TRUE
0.01444109,0.01444109,297387,Mob1a,0.01-0.05,TRUE
0.01444109,0.01444109,58845,Igbp1,0.01-0.05,TRUE
0.01444109,0.01444109,303281,Supt6h,0.01-0.05,TRUE
0.01444109,0.01444109,89805,Angpt2,0.01-0.05,TRUE
0.01444109,0.01444109,360243,Top2a,0.01-0.05,TRUE
0.01444109,0.01444109,50567,Slc3a2,0.01-0.05,TRUE
0.01444109,0.01444109,309995,Xrcc4,0.01-0.05,TRUE
0.01444109,0.01444109,79122,Fdxr,0.01-0.05,TRUE
0.01444109,0.01444109,498154,Chlsn,0.01-0.05,TRUE
0.01444109,0.01444109,503257,Nemp2,0.01-0.05,TRUE
0.01444109,0.01444109,289758,Pold2,0.01-0.05,TRUE
0.01444109,0.01444109,309758,Herc4,0.01-0.05,TRUE
0.01444109,0.01444109,288271,Mrap,0.01-0.05,TRUE
0.01444109,0.01444109,304037,Arl13b,0.01-0.05,TRUE
0.01444109,0.01444109,252827,Cdk5rap1,0.01-0.05,TRUE
0.01444109,0.01444109,310640,Entrep3,0.01-0.05,TRUE
0.01444109,0.01444109,688813,Dda1,0.01-0.05,TRUE
0.01444109,0.01444109,289352,Eprs1,0.01-0.05,TRUE
0.01444109,0.01444109,309170,Fam89b,0.01-0.05,TRUE
0.01444109,0.01444109,361845,Eif4ebp2,0.01-0.05,TRUE
0.01444109,0.01444109,365960,Gipc2,0.01-0.05,TRUE
0.01444109,0.01444109,303536,Dnajc7,0.01-0.05,TRUE
0.01444109,0.01444109,293721,Ganab,0.01-0.05,TRUE
0.01444109,0.01444109,366347,Cfap206,0.01-0.05,TRUE
0.01444109,0.01444109,113947,Maged2,0.01-0.05,TRUE
0.01444109,0.01444109,365388,Psmd13,0.01-0.05,TRUE
0.01444109,0.01444109,117280,Hnrnpu,0.01-0.05,TRUE
0.01444109,0.01444109,29678,Sart1,0.01-0.05,TRUE
0.01444109,0.01444109,303755,Fn3krp,0.01-0.05,TRUE
0.01444109,0.01444109,296753,Srpk2,0.01-0.05,TRUE
0.01444109,0.01444109,116598,Pdia4,0.01-0.05,TRUE
0.01444109,0.01444109,293156,Lrrc51,0.01-0.05,TRUE
0.01444109,0.01444109,24770,Ccl2,0.01-0.05,TRUE
0.01444109,0.01444109,81708,Aldh6a1,0.01-0.05,TRUE
0.01444109,0.01444109,365394,Cabp4,0.01-0.05,TRUE
0.01444109,0.01444109,362737,Heatr5a,0.01-0.05,TRUE
0.01444109,0.01444109,295395,Rtca,0.01-0.05,TRUE
0.01444109,0.01444109,361859,Cdc40,0.01-0.05,TRUE
0.01444109,0.01444109,313481,Tut4,0.01-0.05,TRUE
0.01444109,0.01444109,307271,Mex3c,0.01-0.05,TRUE
0.01444109,0.01444109,362227,Dtd1,0.01-0.05,TRUE
0.01444109,0.01444109,59325,Ereg,0.01-0.05,TRUE
0.01444109,0.01444109,24796,Spn,0.01-0.05,TRUE
0.01444109,0.01444109,246120,Plbd2,0.01-0.05,TRUE
0.01444109,0.01444109,308761,Prc1,0.01-0.05,TRUE
0.01444109,0.01444109,360570,Myo18a,0.01-0.05,TRUE
0.01444109,0.01444109,301555,Cul3,0.01-0.05,TRUE
0.01444109,0.01444109,25603,Marcks,0.01-0.05,TRUE
0.01444109,0.01444109,500841,C7h12orf56,0.01-0.05,TRUE
0.01444109,0.01444109,245922,Nup58,0.01-0.05,TRUE
0.01444109,0.01444109,89806,Tie1,0.01-0.05,TRUE
0.01444109,0.01444109,363082,Pdcd7,0.01-0.05,TRUE
0.01444109,0.01444109,288174,Nit2,0.01-0.05,TRUE
0.01444109,0.01444109,289437,Glmn,0.01-0.05,TRUE
0.01444109,0.01444109,100151767,Nkapd1,0.01-0.05,TRUE
0.01444109,0.01444109,311171,Lrrc55,0.01-0.05,TRUE
0.01444109,0.01444109,25744,Nf2,0.01-0.05,TRUE
0.01444109,0.01444109,362452,Borcs5,0.01-0.05,TRUE
0.01444109,0.01444109,100911028; 293613,LOC100911028; Urah,0.01-0.05,TRUE
0.01444109,0.01444109,116486,Sec14l2,0.01-0.05,TRUE
0.01444109,0.01444109,298370,Txndc12,0.01-0.05,TRUE
0.01444109,0.01444109,192204,Ehd4,0.01-0.05,TRUE
0.01444109,0.01444109,313742,Phf13,0.01-0.05,TRUE
0.01444109,0.01444109,307652,Psme3ip1,0.01-0.05,TRUE
0.01444109,0.01444109,361301,Tpgs2,0.01-0.05,TRUE
0.01444109,0.01444109,287931,Ppm1f,0.01-0.05,TRUE
0.01444109,0.01444109,307644,Kifc3,0.01-0.05,TRUE
0.01444109,0.01444109,313666,Zbtb17,0.01-0.05,TRUE
0.01444109,0.01444109,29402,Unc119,0.01-0.05,TRUE
0.01444109,0.01444109,312559; 100361898,Chchd4; Chchd4-ps1,0.01-0.05,TRUE
0.01444109,0.01444109,362477,Rgs20,0.01-0.05,TRUE
0.01444109,0.01444109,291709,Slc25a46,0.01-0.05,TRUE
0.01444109,0.01444109,363165,Csrnp1,0.01-0.05,TRUE
0.01444109,0.01444109,84683,Cox4i2,0.01-0.05,TRUE
0.01444109,0.01444109,290291,Cab39l,0.01-0.05,TRUE
0.01444109,0.01444109,362883,Slc35e3,0.01-0.05,TRUE
0.01444109,0.01444109,306819,Kdm1b,0.01-0.05,TRUE
0.01444109,0.01444109,299027,Eif2s3,0.01-0.05,TRUE
0.01444109,0.01444109,499558,Marchf11,0.01-0.05,TRUE
0.01444109,0.01444109,684050,Pcolce2,0.01-0.05,TRUE
0.01444109,0.01444109,29713,Kcnj5,0.01-0.05,TRUE
0.01444109,0.01444109,498266,Blzf1,0.01-0.05,TRUE
0.01444109,0.01444109,689314,Mapk11,0.01-0.05,TRUE
0.01444109,0.01444109,83584,Casp6,0.01-0.05,TRUE
0.01444109,0.01444109,312132,Tmem106b,0.01-0.05,TRUE
0.01444109,0.01444109,361328,Snx24,0.01-0.05,TRUE
0.01444109,0.01444109,362377,Herc3,0.01-0.05,TRUE
0.01444109,0.01444109,296935; 100909784,Lmod2; LOC100909784,0.01-0.05,TRUE
0.01444109,0.01444109,619573,Vcf1,0.01-0.05,TRUE
0.01444109,0.01444109,499602,Abhd18,0.01-0.05,TRUE
0.01444109,0.01444109,287432,Wrap53,0.01-0.05,TRUE
0.01444109,0.01444109,288480,Aimp2,0.01-0.05,TRUE
0.01444109,0.01444109,294698,Slc30a5,0.01-0.05,TRUE
0.01444109,0.01444109,361055,Kpna3,0.01-0.05,TRUE
0.01444109,0.01444109,501095,Rftn1,0.01-0.05,TRUE
0.01444109,0.01444109,64514,Eif2b1,0.01-0.05,TRUE
0.01444109,0.01444109,288771,Rbms2,0.01-0.05,TRUE
0.01444109,0.01444109,291733,Slc39a6,0.01-0.05,TRUE
0.01444109,0.01444109,679957,Gpr18,0.01-0.05,TRUE
0.01444109,0.01444109,100034253,Gnl3l,0.01-0.05,TRUE
0.01444109,0.01444109,313200,Hsdl2,0.01-0.05,TRUE
0.01444109,0.01444109,362987,Rabl2,0.01-0.05,TRUE
0.01444109,0.01444109,307639,Gins3,0.01-0.05,TRUE
0.01444109,0.01444109,619574,Cybc1,0.01-0.05,TRUE
0.01444109,0.01444109,366381,Cdc26,0.01-0.05,TRUE
0.01444109,0.01444109,293615,Sirt3,0.01-0.05,TRUE
0.01444109,0.01444109,294053; 100909771,Ccnj; LOC100909771,0.01-0.05,TRUE
0.01444109,0.01444109,294436,Rpf2,0.01-0.05,TRUE
0.01444109,0.01444109,288075,Stfa3,0.01-0.05,TRUE
0.01444109,0.01444109,298712,Gpalpp1,0.01-0.05,TRUE
0.01444109,0.01444109,499891,Dnaaf9,0.01-0.05,TRUE
0.01444109,0.01444109,25159,Gata2,0.01-0.05,TRUE
0.01444109,0.01444109,24499,Il6r,0.01-0.05,TRUE
0.01444109,0.01444109,619374,Jam2,0.01-0.05,TRUE
